image_full_path,bleu
/content/CholecT50/CholecT50/videos/VID05/000144.png,0.3628338669354733
/content/CholecT50/CholecT50/videos/VID36/001745.png,0.5639504119591797
/content/CholecT50/CholecT50/videos/VID05/001485.png,0.313226018985463
/content/CholecT50/CholecT50/videos/VID110/000383.png,0.1870352746890398
/content/CholecT50/CholecT50/videos/VID05/000265.png,0.11523933364598059
/content/CholecT50/CholecT50/videos/VID36/000921.png,0.327556153498081
/content/CholecT50/CholecT50/videos/VID36/001053.png,0.26733441533716074
/content/CholecT50/CholecT50/videos/VID36/000872.png,0.3249396951346456
/content/CholecT50/CholecT50/videos/VID05/002190.png,0.7917886033714233
/content/CholecT50/CholecT50/videos/VID36/001005.png,0.10286838004957632
/content/CholecT50/CholecT50/videos/VID05/000036.png,0.23293866658925125
/content/CholecT50/CholecT50/videos/VID05/001196.png,0.2327507251840958
/content/CholecT50/CholecT50/videos/VID05/001723.png,0.20852941224249522
/content/CholecT50/CholecT50/videos/VID110/001702.png,0.687736954686497
/content/CholecT50/CholecT50/videos/VID110/001654.png,0.33122044271767487
/content/CholecT50/CholecT50/videos/VID36/000349.png,0.26066323925275264
/content/CholecT50/CholecT50/videos/VID05/000326.png,0.2170582519582118
/content/CholecT50/CholecT50/videos/VID05/000546.png,0.22926451458918062
/content/CholecT50/CholecT50/videos/VID36/001818.png,0.22725190674625975
/content/CholecT50/CholecT50/videos/VID110/001452.png,0.20486816660341364
/content/CholecT50/CholecT50/videos/VID110/001565.png,0.36823984019550005
/content/CholecT50/CholecT50/videos/VID05/000855.png,0.23760020555437428
/content/CholecT50/CholecT50/videos/VID05/000445.png,0.25496138844808214
/content/CholecT50/CholecT50/videos/VID05/000359.png,0.2102010459195978
/content/CholecT50/CholecT50/videos/VID36/001999.png,0.26462349332873103
/content/CholecT50/CholecT50/videos/VID36/000990.png,0.28607954297638855
/content/CholecT50/CholecT50/videos/VID36/001865.png,0.24744022044122935
/content/CholecT50/CholecT50/videos/VID110/000829.png,0.4506943476169177
/content/CholecT50/CholecT50/videos/VID05/000941.png,0.17015264167162258
/content/CholecT50/CholecT50/videos/VID110/000578.png,0.3713987580769977
/content/CholecT50/CholecT50/videos/VID110/001772.png,0.47982378945362353
/content/CholecT50/CholecT50/videos/VID36/000575.png,0.3045299295156657
/content/CholecT50/CholecT50/videos/VID36/001473.png,0.7874994752839698
/content/CholecT50/CholecT50/videos/VID36/001351.png,0.3505266650057497
/content/CholecT50/CholecT50/videos/VID05/000805.png,0.200438060928853
/content/CholecT50/CholecT50/videos/VID110/001444.png,0.2652330399982567
/content/CholecT50/CholecT50/videos/VID36/001270.png,0.32864839362640885
/content/CholecT50/CholecT50/videos/VID36/000087.png,0.3111900286187027
/content/CholecT50/CholecT50/videos/VID36/000642.png,0.29380878523174275
/content/CholecT50/CholecT50/videos/VID110/001451.png,0.27215798177042133
/content/CholecT50/CholecT50/videos/VID110/000863.png,0.27069091635115433
/content/CholecT50/CholecT50/videos/VID36/000907.png,0.2747113567683598
/content/CholecT50/CholecT50/videos/VID36/001058.png,0.1413669063643375
/content/CholecT50/CholecT50/videos/VID110/000335.png,0.18253811588037983
/content/CholecT50/CholecT50/videos/VID36/002136.png,0.1659733929031115
/content/CholecT50/CholecT50/videos/VID36/002210.png,0.1560724288286544
/content/CholecT50/CholecT50/videos/VID36/000929.png,0.2078895638318896
/content/CholecT50/CholecT50/videos/VID05/000873.png,0.166887086590326
/content/CholecT50/CholecT50/videos/VID110/001519.png,0.40704731526207444
/content/CholecT50/CholecT50/videos/VID05/001302.png,0.3722556762440298
/content/CholecT50/CholecT50/videos/VID36/000195.png,0.25258674854847796
/content/CholecT50/CholecT50/videos/VID110/000970.png,0.2742927249682565
/content/CholecT50/CholecT50/videos/VID36/002264.png,0.1847667069235612
/content/CholecT50/CholecT50/videos/VID05/000980.png,0.4795194741214237
/content/CholecT50/CholecT50/videos/VID36/001383.png,0.26593817910205686
/content/CholecT50/CholecT50/videos/VID36/001891.png,0.49377864790316706
/content/CholecT50/CholecT50/videos/VID110/000480.png,0.2990608911736371
/content/CholecT50/CholecT50/videos/VID36/000909.png,0.17716532046439054
/content/CholecT50/CholecT50/videos/VID36/001025.png,0.15522266623868589
/content/CholecT50/CholecT50/videos/VID36/001793.png,0.28385317522503367
/content/CholecT50/CholecT50/videos/VID110/000909.png,0.35247560892467106
/content/CholecT50/CholecT50/videos/VID110/000922.png,0.26934669297669384
/content/CholecT50/CholecT50/videos/VID36/000653.png,0.104792772685656
/content/CholecT50/CholecT50/videos/VID36/000204.png,0.37777499524404295
/content/CholecT50/CholecT50/videos/VID36/001038.png,0.3919538553456049
/content/CholecT50/CholecT50/videos/VID110/001423.png,0.2627408520680655
/content/CholecT50/CholecT50/videos/VID110/001735.png,0.23929577853983344
/content/CholecT50/CholecT50/videos/VID05/000305.png,0.2359999631221263
/content/CholecT50/CholecT50/videos/VID36/000127.png,0.2541220361365377
/content/CholecT50/CholecT50/videos/VID36/000026.png,0.2877436424965693
/content/CholecT50/CholecT50/videos/VID36/001263.png,0.43440820620210724
/content/CholecT50/CholecT50/videos/VID110/001300.png,0.475426533942059
/content/CholecT50/CholecT50/videos/VID36/001854.png,0.23967966866015755
/content/CholecT50/CholecT50/videos/VID36/001466.png,0.38665655281744993
/content/CholecT50/CholecT50/videos/VID110/001002.png,0.4582149472799689
/content/CholecT50/CholecT50/videos/VID05/002176.png,0.43754989788568815
/content/CholecT50/CholecT50/videos/VID110/000656.png,0.40329859814244856
/content/CholecT50/CholecT50/videos/VID36/000992.png,0.08954926586685844
/content/CholecT50/CholecT50/videos/VID05/001089.png,0.6724676084692047
/content/CholecT50/CholecT50/videos/VID05/000207.png,0.3447986959374164
/content/CholecT50/CholecT50/videos/VID110/000932.png,0.2760637633279776
/content/CholecT50/CholecT50/videos/VID05/001094.png,0.3031098437560884
/content/CholecT50/CholecT50/videos/VID36/000716.png,0.2823215582264461
/content/CholecT50/CholecT50/videos/VID36/002342.png,0.26469035002132224
/content/CholecT50/CholecT50/videos/VID36/000511.png,0.24520921438759752
/content/CholecT50/CholecT50/videos/VID36/001841.png,0.7653550873413657
/content/CholecT50/CholecT50/videos/VID36/002158.png,0.2299776308232385
/content/CholecT50/CholecT50/videos/VID05/000449.png,0.5099363383830838
/content/CholecT50/CholecT50/videos/VID36/001523.png,0.5610486333252704
/content/CholecT50/CholecT50/videos/VID36/000424.png,0.489018437623206
/content/CholecT50/CholecT50/videos/VID36/001006.png,0.3672393082328817
/content/CholecT50/CholecT50/videos/VID36/000734.png,0.17467582979737528
/content/CholecT50/CholecT50/videos/VID36/002067.png,0.3622059632427581
/content/CholecT50/CholecT50/videos/VID36/000467.png,0.485504721552876
/content/CholecT50/CholecT50/videos/VID36/001801.png,0.24838155336359857
/content/CholecT50/CholecT50/videos/VID110/001164.png,0.4319289963128228
/content/CholecT50/CholecT50/videos/VID36/000811.png,0.5549623548564377
/content/CholecT50/CholecT50/videos/VID110/000394.png,0.22653574915706734
/content/CholecT50/CholecT50/videos/VID05/000184.png,0.22503190313749674
/content/CholecT50/CholecT50/videos/VID36/000945.png,0.04509873279873249
/content/CholecT50/CholecT50/videos/VID110/001646.png,0.3450250512692642
/content/CholecT50/CholecT50/videos/VID36/001426.png,0.2837331942332447
/content/CholecT50/CholecT50/videos/VID110/001503.png,0.2865519597940331
/content/CholecT50/CholecT50/videos/VID110/001328.png,0.5098414891076302
/content/CholecT50/CholecT50/videos/VID36/001662.png,0.3665728497824871
/content/CholecT50/CholecT50/videos/VID110/000613.png,0.41332386846770064
/content/CholecT50/CholecT50/videos/VID110/000723.png,0.28738941464108675
/content/CholecT50/CholecT50/videos/VID05/000761.png,0.12602096096810556
/content/CholecT50/CholecT50/videos/VID110/001867.png,0.42332246090255954
/content/CholecT50/CholecT50/videos/VID110/001100.png,0.386332816846117
/content/CholecT50/CholecT50/videos/VID36/000919.png,0.12147183185205009
/content/CholecT50/CholecT50/videos/VID36/000937.png,0.10637875322123819
/content/CholecT50/CholecT50/videos/VID110/000386.png,0.14555624721525293
/content/CholecT50/CholecT50/videos/VID36/002016.png,0.3058464269680607
/content/CholecT50/CholecT50/videos/VID05/002276.png,0.43754989788568815
/content/CholecT50/CholecT50/videos/VID05/001295.png,0.27011999654779834
/content/CholecT50/CholecT50/videos/VID36/001635.png,0.22529848228871094
/content/CholecT50/CholecT50/videos/VID36/000181.png,0.18268847333128946
/content/CholecT50/CholecT50/videos/VID110/000670.png,0.4293223201130858
/content/CholecT50/CholecT50/videos/VID36/001690.png,0.4845494117048194
/content/CholecT50/CholecT50/videos/VID05/000020.png,0.3918870441785334
/content/CholecT50/CholecT50/videos/VID36/000958.png,0.14430647521707912
/content/CholecT50/CholecT50/videos/VID110/001716.png,0.3114413604093196
/content/CholecT50/CholecT50/videos/VID05/000050.png,0.4176511951995317
/content/CholecT50/CholecT50/videos/VID36/000876.png,0.2565617893352756
/content/CholecT50/CholecT50/videos/VID36/001786.png,0.7131859827765675
/content/CholecT50/CholecT50/videos/VID110/000702.png,0.19649932941522227
/content/CholecT50/CholecT50/videos/VID05/000788.png,0.3130226544845067
/content/CholecT50/CholecT50/videos/VID05/000394.png,0.10973998057982824
/content/CholecT50/CholecT50/videos/VID36/001044.png,0.16410213063829648
/content/CholecT50/CholecT50/videos/VID110/001239.png,0.2538287482502461
/content/CholecT50/CholecT50/videos/VID36/001194.png,0.34203060018683573
/content/CholecT50/CholecT50/videos/VID110/000374.png,0.12341415871404884
/content/CholecT50/CholecT50/videos/VID36/001922.png,0.6524512852736741
/content/CholecT50/CholecT50/videos/VID36/001583.png,0.4117350581492528
/content/CholecT50/CholecT50/videos/VID05/000728.png,0.15181662887065084
/content/CholecT50/CholecT50/videos/VID110/000722.png,0.2286388586713125
/content/CholecT50/CholecT50/videos/VID36/000852.png,0.16721027150785495
/content/CholecT50/CholecT50/videos/VID36/000646.png,0.3261480206167952
/content/CholecT50/CholecT50/videos/VID110/001973.png,0.22147053270192177
/content/CholecT50/CholecT50/videos/VID05/000167.png,0.20109561933099215
/content/CholecT50/CholecT50/videos/VID110/000500.png,0.45735165879119316
/content/CholecT50/CholecT50/videos/VID36/000890.png,0.3818128715562425
/content/CholecT50/CholecT50/videos/VID36/002301.png,0.3313976784419964
/content/CholecT50/CholecT50/videos/VID36/001341.png,0.4845494117048194
/content/CholecT50/CholecT50/videos/VID36/001324.png,0.47643013363852943
/content/CholecT50/CholecT50/videos/VID36/002341.png,0.2259068183155793
/content/CholecT50/CholecT50/videos/VID36/000217.png,0.46447435345681753
/content/CholecT50/CholecT50/videos/VID05/001457.png,0.3900848534528876
/content/CholecT50/CholecT50/videos/VID36/001553.png,0.643711713142486
/content/CholecT50/CholecT50/videos/VID36/000955.png,0.16825473322487267
/content/CholecT50/CholecT50/videos/VID36/001990.png,0.31950982369860176
/content/CholecT50/CholecT50/videos/VID36/000445.png,0.5976262012588344
/content/CholecT50/CholecT50/videos/VID36/000771.png,0.5260856084664207
/content/CholecT50/CholecT50/videos/VID36/001455.png,0.7881311620381349
/content/CholecT50/CholecT50/videos/VID05/001179.png,0.379534835898567
/content/CholecT50/CholecT50/videos/VID110/000165.png,0.5221771060693183
/content/CholecT50/CholecT50/videos/VID36/000819.png,0.34012983872290065
/content/CholecT50/CholecT50/videos/VID36/001423.png,0.618930486856698
/content/CholecT50/CholecT50/videos/VID05/000930.png,0.3556364961020997
/content/CholecT50/CholecT50/videos/VID05/002274.png,0.43754989788568815
/content/CholecT50/CholecT50/videos/VID36/001836.png,0.26358083152385064
/content/CholecT50/CholecT50/videos/VID110/000574.png,0.2984746896139563
/content/CholecT50/CholecT50/videos/VID36/000975.png,0.2247444914922609
/content/CholecT50/CholecT50/videos/VID36/001544.png,0.4040938461805015
/content/CholecT50/CholecT50/videos/VID36/001971.png,0.3587064405633112
/content/CholecT50/CholecT50/videos/VID36/000054.png,0.25179365603057485
/content/CholecT50/CholecT50/videos/VID36/000762.png,0.12662037086913683
/content/CholecT50/CholecT50/videos/VID36/000793.png,0.4541723231226024
/content/CholecT50/CholecT50/videos/VID05/001083.png,0.31613982936811064
/content/CholecT50/CholecT50/videos/VID36/002226.png,0.22952366884931122
/content/CholecT50/CholecT50/videos/VID110/001676.png,0.6816974252821776
/content/CholecT50/CholecT50/videos/VID05/002272.png,0.47142314789875006
/content/CholecT50/CholecT50/videos/VID110/000610.png,0.34670745930296265
/content/CholecT50/CholecT50/videos/VID36/001453.png,0.39753667151634725
/content/CholecT50/CholecT50/videos/VID36/000968.png,0.13415230884354495
/content/CholecT50/CholecT50/videos/VID36/000551.png,0.2475130652350467
/content/CholecT50/CholecT50/videos/VID110/001169.png,0.3675904350990188
/content/CholecT50/CholecT50/videos/VID05/000299.png,0.2201752267632653
/content/CholecT50/CholecT50/videos/VID110/000975.png,0.21158880315204667
/content/CholecT50/CholecT50/videos/VID36/000726.png,0.21552255647612148
/content/CholecT50/CholecT50/videos/VID110/001308.png,0.38792074245544006
/content/CholecT50/CholecT50/videos/VID36/000591.png,0.44014455733050006
/content/CholecT50/CholecT50/videos/VID110/001284.png,0.360648950685667
/content/CholecT50/CholecT50/videos/VID36/000975.png,0.3147234173665397
/content/CholecT50/CholecT50/videos/VID36/000520.png,0.4544020430660099
/content/CholecT50/CholecT50/videos/VID110/001173.png,0.34332163350417216
/content/CholecT50/CholecT50/videos/VID36/001898.png,0.4198358621779771
/content/CholecT50/CholecT50/videos/VID36/000565.png,0.5853850564577585
/content/CholecT50/CholecT50/videos/VID110/000682.png,0.1985697838374209
/content/CholecT50/CholecT50/videos/VID36/000983.png,0.2929025477660466
/content/CholecT50/CholecT50/videos/VID05/002185.png,0.3790573615132805
/content/CholecT50/CholecT50/videos/VID110/001445.png,0.19007641147358711
/content/CholecT50/CholecT50/videos/VID36/001845.png,0.25256655034090936
/content/CholecT50/CholecT50/videos/VID36/001276.png,0.44086586544175554
/content/CholecT50/CholecT50/videos/VID36/000615.png,0.32142610922295467
/content/CholecT50/CholecT50/videos/VID36/001434.png,0.7555945088268213
/content/CholecT50/CholecT50/videos/VID110/001928.png,0.4774108847934616
/content/CholecT50/CholecT50/videos/VID110/000587.png,0.2660402533150544
/content/CholecT50/CholecT50/videos/VID05/000052.png,0.37850350418923295
/content/CholecT50/CholecT50/videos/VID05/001255.png,0.6175627832802726
/content/CholecT50/CholecT50/videos/VID36/000963.png,0.5196751858298035
/content/CholecT50/CholecT50/videos/VID110/001803.png,0.3006804568578893
/content/CholecT50/CholecT50/videos/VID110/001734.png,0.27649603127267636
/content/CholecT50/CholecT50/videos/VID05/001202.png,0.4117552012806744
/content/CholecT50/CholecT50/videos/VID36/000971.png,0.1537194739600354
/content/CholecT50/CholecT50/videos/VID36/002061.png,0.7624244385916311
/content/CholecT50/CholecT50/videos/VID110/001192.png,0.3441949858406328
/content/CholecT50/CholecT50/videos/VID36/000999.png,0.39054113230787096
/content/CholecT50/CholecT50/videos/VID05/001145.png,0.6302955900637217
/content/CholecT50/CholecT50/videos/VID36/000613.png,0.42979549987558524
/content/CholecT50/CholecT50/videos/VID110/001347.png,0.32843818439955763
/content/CholecT50/CholecT50/videos/VID110/000860.png,0.33551233705941397
/content/CholecT50/CholecT50/videos/VID36/000845.png,0.42654371008850495
/content/CholecT50/CholecT50/videos/VID36/001114.png,0.2321488525992938
/content/CholecT50/CholecT50/videos/VID36/001595.png,0.5405203651570635
/content/CholecT50/CholecT50/videos/VID05/001239.png,0.340730568375763
/content/CholecT50/CholecT50/videos/VID110/000524.png,0.24105783994711147
/content/CholecT50/CholecT50/videos/VID36/000922.png,0.3652089475471741
/content/CholecT50/CholecT50/videos/VID110/000882.png,0.31960698015922234
/content/CholecT50/CholecT50/videos/VID36/001293.png,0.4990993730019737
/content/CholecT50/CholecT50/videos/VID36/001031.png,0.11232701945180952
/content/CholecT50/CholecT50/videos/VID36/001756.png,0.7998212168500779
/content/CholecT50/CholecT50/videos/VID36/000481.png,0.3650388822836324
/content/CholecT50/CholecT50/videos/VID36/001069.png,0.12790690717277783
/content/CholecT50/CholecT50/videos/VID36/000117.png,0.31444438630611266
/content/CholecT50/CholecT50/videos/VID36/000142.png,0.4243726300167498
/content/CholecT50/CholecT50/videos/VID36/000794.png,0.22231902879392593
/content/CholecT50/CholecT50/videos/VID36/000441.png,0.5524385163213053
/content/CholecT50/CholecT50/videos/VID110/000479.png,0.1693226507856613
/content/CholecT50/CholecT50/videos/VID05/000280.png,0.13699331827040082
/content/CholecT50/CholecT50/videos/VID36/000058.png,0.4493745845053811
/content/CholecT50/CholecT50/videos/VID36/002379.png,0.43277705307733116
/content/CholecT50/CholecT50/videos/VID36/000998.png,0.15422489677820714
/content/CholecT50/CholecT50/videos/VID36/001657.png,0.25320434607382697
/content/CholecT50/CholecT50/videos/VID36/001002.png,0.1816001322983873
/content/CholecT50/CholecT50/videos/VID36/000297.png,0.17524481034345787
/content/CholecT50/CholecT50/videos/VID05/000621.png,0.56915231293336
/content/CholecT50/CholecT50/videos/VID36/002339.png,0.0863384765202166
/content/CholecT50/CholecT50/videos/VID36/002205.png,0.31838473477917256
/content/CholecT50/CholecT50/videos/VID110/000577.png,0.19457474429299793
/content/CholecT50/CholecT50/videos/VID36/000385.png,0.5732343567888245
/content/CholecT50/CholecT50/videos/VID36/001077.png,0.4292220364995826
/content/CholecT50/CholecT50/videos/VID36/000944.png,0.17731593936808168
/content/CholecT50/CholecT50/videos/VID110/000561.png,0.22347395550207622
/content/CholecT50/CholecT50/videos/VID05/000993.png,0.21267045531442613
/content/CholecT50/CholecT50/videos/VID05/000866.png,0.35186132033539835
/content/CholecT50/CholecT50/videos/VID05/001792.png,0.36573811833615805
/content/CholecT50/CholecT50/videos/VID05/000650.png,0.09552540317941684
/content/CholecT50/CholecT50/videos/VID36/001555.png,0.44086586544175554
/content/CholecT50/CholecT50/videos/VID110/001644.png,0.30233677802550574
/content/CholecT50/CholecT50/videos/VID36/000493.png,0.4167566443783078
/content/CholecT50/CholecT50/videos/VID36/000926.png,0.15973421577088184
/content/CholecT50/CholecT50/videos/VID36/000653.png,0.5388743530799501
/content/CholecT50/CholecT50/videos/VID36/001589.png,0.34904627854004366
/content/CholecT50/CholecT50/videos/VID05/001276.png,0.3034504511760271
/content/CholecT50/CholecT50/videos/VID36/001054.png,0.1242996838408161
/content/CholecT50/CholecT50/videos/VID110/000884.png,0.2429421417227552
/content/CholecT50/CholecT50/videos/VID05/000594.png,0.2232463997770228
/content/CholecT50/CholecT50/videos/VID36/000856.png,0.1594245511525889
/content/CholecT50/CholecT50/videos/VID36/002237.png,0.26056948882904635
/content/CholecT50/CholecT50/videos/VID36/000948.png,0.014877349280089675
/content/CholecT50/CholecT50/videos/VID36/000523.png,0.325390891929882
/content/CholecT50/CholecT50/videos/VID05/000421.png,0.40087863515387434
/content/CholecT50/CholecT50/videos/VID36/001946.png,0.24464150840383664
/content/CholecT50/CholecT50/videos/VID36/001703.png,0.3738496420930624
/content/CholecT50/CholecT50/videos/VID36/001483.png,0.7061896319141875
/content/CholecT50/CholecT50/videos/VID36/002273.png,0.22964723479923332
/content/CholecT50/CholecT50/videos/VID110/000741.png,0.2866925340212686
/content/CholecT50/CholecT50/videos/VID36/000965.png,0.17225319235139255
/content/CholecT50/CholecT50/videos/VID36/001047.png,0.18499748787475825
/content/CholecT50/CholecT50/videos/VID110/000274.png,0.2814364122178293
/content/CholecT50/CholecT50/videos/VID110/001195.png,0.39753667151634725
/content/CholecT50/CholecT50/videos/VID110/001544.png,0.4276907107098772
/content/CholecT50/CholecT50/videos/VID110/001027.png,0.2092627943132812
/content/CholecT50/CholecT50/videos/VID36/002306.png,0.36982132832831127
/content/CholecT50/CholecT50/videos/VID36/000678.png,0.2580582457241727
/content/CholecT50/CholecT50/videos/VID36/002381.png,0.24529121069703216
/content/CholecT50/CholecT50/videos/VID110/001112.png,0.30601163340991044
/content/CholecT50/CholecT50/videos/VID36/000967.png,0.11093251079940035
/content/CholecT50/CholecT50/videos/VID36/000662.png,0.41263540257239223
/content/CholecT50/CholecT50/videos/VID110/000393.png,0.3451918710054034
/content/CholecT50/CholecT50/videos/VID36/000109.png,0.40956996126759454
/content/CholecT50/CholecT50/videos/VID05/000419.png,0.47511091984308446
/content/CholecT50/CholecT50/videos/VID110/001972.png,0.3604112170426957
/content/CholecT50/CholecT50/videos/VID36/002130.png,0.3156086692604705
/content/CholecT50/CholecT50/videos/VID110/001271.png,0.47911435326737556
/content/CholecT50/CholecT50/videos/VID110/000161.png,0.3560442124363394
/content/CholecT50/CholecT50/videos/VID36/002367.png,0.19228544753133758
/content/CholecT50/CholecT50/videos/VID36/001495.png,0.17610543022494646
/content/CholecT50/CholecT50/videos/VID05/000618.png,0.32679886776407746
/content/CholecT50/CholecT50/videos/VID36/001368.png,0.4413457606908754
/content/CholecT50/CholecT50/videos/VID36/000807.png,0.3282576069849452
/content/CholecT50/CholecT50/videos/VID36/000554.png,0.36875919995632767
/content/CholecT50/CholecT50/videos/VID36/002089.png,0.47643013363852943
/content/CholecT50/CholecT50/videos/VID05/000882.png,0.40691652079469376
/content/CholecT50/CholecT50/videos/VID36/001095.png,0.34684509471556435
/content/CholecT50/CholecT50/videos/VID36/001216.png,0.20528276420787664
/content/CholecT50/CholecT50/videos/VID36/002251.png,0.29017364753390773
/content/CholecT50/CholecT50/videos/VID36/000941.png,0.18831267547064492
/content/CholecT50/CholecT50/videos/VID36/000509.png,0.31706714025008736
/content/CholecT50/CholecT50/videos/VID110/001724.png,0.458572979589112
/content/CholecT50/CholecT50/videos/VID36/001334.png,0.47643013363852943
/content/CholecT50/CholecT50/videos/VID36/001029.png,0.42144827655998784
/content/CholecT50/CholecT50/videos/VID110/000691.png,0.1290852849307409
/content/CholecT50/CholecT50/videos/VID05/001216.png,0.30834810512820676
/content/CholecT50/CholecT50/videos/VID36/001997.png,0.596614656346472
/content/CholecT50/CholecT50/videos/VID110/000894.png,0.39365004521453034
/content/CholecT50/CholecT50/videos/VID36/001977.png,0.4728708045015879
/content/CholecT50/CholecT50/videos/VID110/001504.png,0.23774685717083524
/content/CholecT50/CholecT50/videos/VID36/002223.png,0.26636322059444034
/content/CholecT50/CholecT50/videos/VID36/002270.png,0.24781176982227537
/content/CholecT50/CholecT50/videos/VID36/000742.png,0.14568268865548414
/content/CholecT50/CholecT50/videos/VID36/002055.png,0.2919910505946127
/content/CholecT50/CholecT50/videos/VID05/001366.png,0.3650388822836324
/content/CholecT50/CholecT50/videos/VID36/002285.png,0.36278696880822414
/content/CholecT50/CholecT50/videos/VID05/002283.png,0.586288879883425
/content/CholecT50/CholecT50/videos/VID36/002165.png,0.7256267215811398
/content/CholecT50/CholecT50/videos/VID110/000725.png,0.3159553909947324
/content/CholecT50/CholecT50/videos/VID110/001746.png,0.5320311795639882
/content/CholecT50/CholecT50/videos/VID36/000974.png,0.2055271229315793
/content/CholecT50/CholecT50/videos/VID110/001436.png,0.1993578954807984
/content/CholecT50/CholecT50/videos/VID05/001075.png,0.6381667842541678
/content/CholecT50/CholecT50/videos/VID36/000450.png,0.6133431592797106
/content/CholecT50/CholecT50/videos/VID36/001689.png,0.7555945088268213
/content/CholecT50/CholecT50/videos/VID36/000620.png,0.3562756581404249
/content/CholecT50/CholecT50/videos/VID110/000752.png,0.2525954631175729
/content/CholecT50/CholecT50/videos/VID05/001489.png,0.37050956083221037
/content/CholecT50/CholecT50/videos/VID36/002094.png,0.2848659980365557
/content/CholecT50/CholecT50/videos/VID05/001154.png,0.4330025817969074
/content/CholecT50/CholecT50/videos/VID36/001267.png,0.40547998574804295
/content/CholecT50/CholecT50/videos/VID36/002305.png,0.24665930866289054
/content/CholecT50/CholecT50/videos/VID36/000571.png,0.17738628137241746
/content/CholecT50/CholecT50/videos/VID05/000829.png,0.2376292506846426
/content/CholecT50/CholecT50/videos/VID110/001961.png,0.22530890425104855
/content/CholecT50/CholecT50/videos/VID36/001003.png,0.15718396018779482
/content/CholecT50/CholecT50/videos/VID36/000826.png,0.18741077717234383
/content/CholecT50/CholecT50/videos/VID36/001799.png,0.24296474749829305
/content/CholecT50/CholecT50/videos/VID05/000898.png,0.550880058046489
/content/CholecT50/CholecT50/videos/VID05/001821.png,0.4365025772126203
/content/CholecT50/CholecT50/videos/VID36/001032.png,0.18184355600022173
/content/CholecT50/CholecT50/videos/VID36/001338.png,0.4326256241489631
/content/CholecT50/CholecT50/videos/VID36/001414.png,0.2843736465345883
/content/CholecT50/CholecT50/videos/VID110/000836.png,0.18175286146101371
/content/CholecT50/CholecT50/videos/VID05/000178.png,0.3071190746558743
/content/CholecT50/CholecT50/videos/VID110/001299.png,0.38792074245544006
/content/CholecT50/CholecT50/videos/VID36/000281.png,0.4230564383537584
/content/CholecT50/CholecT50/videos/VID36/001807.png,0.2430326461688353
/content/CholecT50/CholecT50/videos/VID05/002344.png,0.4521980693975211
/content/CholecT50/CholecT50/videos/VID36/000562.png,0.20083955325389238
/content/CholecT50/CholecT50/videos/VID36/000789.png,0.3441403252352585
/content/CholecT50/CholecT50/videos/VID05/001693.png,0.26607197123282095
/content/CholecT50/CholecT50/videos/VID110/000286.png,0.45645738956054993
/content/CholecT50/CholecT50/videos/VID110/000629.png,0.3809804069127022
/content/CholecT50/CholecT50/videos/VID110/000530.png,0.15130634424490177
/content/CholecT50/CholecT50/videos/VID05/000325.png,0.20350356041273474
/content/CholecT50/CholecT50/videos/VID36/001479.png,0.5471024773058657
/content/CholecT50/CholecT50/videos/VID110/001816.png,0.2354452516033175
/content/CholecT50/CholecT50/videos/VID05/001003.png,0.3636374403775914
/content/CholecT50/CholecT50/videos/VID36/000417.png,0.5534407200686183
/content/CholecT50/CholecT50/videos/VID05/000251.png,0.21346282349604695
/content/CholecT50/CholecT50/videos/VID36/001167.png,0.2639989926502118
/content/CholecT50/CholecT50/videos/VID36/002247.png,0.21432515652624193
/content/CholecT50/CholecT50/videos/VID36/000960.png,0.11300846142223278
/content/CholecT50/CholecT50/videos/VID110/001906.png,0.3328313134297934
/content/CholecT50/CholecT50/videos/VID36/000367.png,0.3646604889934232
/content/CholecT50/CholecT50/videos/VID36/000866.png,0.34549121175202036
/content/CholecT50/CholecT50/videos/VID36/000925.png,0.2749261823454905
/content/CholecT50/CholecT50/videos/VID110/001599.png,0.6569669106432854
/content/CholecT50/CholecT50/videos/VID110/000416.png,0.16046826390627716
/content/CholecT50/CholecT50/videos/VID05/000656.png,0.39323596108181236
/content/CholecT50/CholecT50/videos/VID05/001504.png,0.33800959827902954
/content/CholecT50/CholecT50/videos/VID05/000823.png,0.21451680234302958
/content/CholecT50/CholecT50/videos/VID36/001017.png,0.2870744493791702
/content/CholecT50/CholecT50/videos/VID36/001570.png,0.48175627193258064
/content/CholecT50/CholecT50/videos/VID110/001982.png,0.29318211232028
/content/CholecT50/CholecT50/videos/VID110/000509.png,0.167779593165453
/content/CholecT50/CholecT50/videos/VID36/000121.png,0.2742678586287677
/content/CholecT50/CholecT50/videos/VID05/001372.png,0.3501832307649892
/content/CholecT50/CholecT50/videos/VID05/001409.png,0.3922266626587339
/content/CholecT50/CholecT50/videos/VID36/002254.png,0.1813387105631438
/content/CholecT50/CholecT50/videos/VID36/001222.png,0.31173131204160776
/content/CholecT50/CholecT50/videos/VID110/001344.png,0.37520718303241174
/content/CholecT50/CholecT50/videos/VID36/002286.png,0.30519353611984223
/content/CholecT50/CholecT50/videos/VID05/000263.png,0.2710625027690183
/content/CholecT50/CholecT50/videos/VID36/001413.png,0.3287848956223332
/content/CholecT50/CholecT50/videos/VID36/002137.png,0.2567839307469731
/content/CholecT50/CholecT50/videos/VID36/001921.png,0.5920993589573529
/content/CholecT50/CholecT50/videos/VID110/001774.png,0.36518541436616625
/content/CholecT50/CholecT50/videos/VID36/001006.png,0.08937160851727045
/content/CholecT50/CholecT50/videos/VID36/000830.png,0.306724080823933
/content/CholecT50/CholecT50/videos/VID110/001510.png,0.2503648632667742
/content/CholecT50/CholecT50/videos/VID36/001573.png,0.4845494117048194
/content/CholecT50/CholecT50/videos/VID36/000973.png,0.3071548905873057
/content/CholecT50/CholecT50/videos/VID05/001337.png,0.2691575763589344
/content/CholecT50/CholecT50/videos/VID36/000992.png,0.17186856615274115
/content/CholecT50/CholecT50/videos/VID05/001911.png,0.4327700460101731
/content/CholecT50/CholecT50/videos/VID36/001371.png,0.496560609507662
/content/CholecT50/CholecT50/videos/VID05/000350.png,0.21302838151082634
/content/CholecT50/CholecT50/videos/VID05/000279.png,0.2238085237239196
/content/CholecT50/CholecT50/videos/VID36/001024.png,0.16264036002259544
/content/CholecT50/CholecT50/videos/VID05/000725.png,0.18210214974075148
/content/CholecT50/CholecT50/videos/VID05/001910.png,0.6509267423455805
/content/CholecT50/CholecT50/videos/VID36/000083.png,0.2586563095742902
/content/CholecT50/CholecT50/videos/VID36/001657.png,0.6562105807741239
/content/CholecT50/CholecT50/videos/VID110/000681.png,0.24710440076323167
/content/CholecT50/CholecT50/videos/VID110/000995.png,0.38790799494724
/content/CholecT50/CholecT50/videos/VID110/000166.png,0.3800892329741572
/content/CholecT50/CholecT50/videos/VID36/001575.png,0.35060565463138543
/content/CholecT50/CholecT50/videos/VID36/001060.png,0.15523273586224134
/content/CholecT50/CholecT50/videos/VID05/001428.png,0.42270108798245676
/content/CholecT50/CholecT50/videos/VID05/000180.png,0.3758846360628667
/content/CholecT50/CholecT50/videos/VID05/001494.png,0.2493069794532245
/content/CholecT50/CholecT50/videos/VID36/000990.png,0.13312512793176598
/content/CholecT50/CholecT50/videos/VID36/000402.png,0.5013496054820575
/content/CholecT50/CholecT50/videos/VID36/001891.png,0.2648125632248795
/content/CholecT50/CholecT50/videos/VID36/001569.png,0.3623876110654832
/content/CholecT50/CholecT50/videos/VID36/000874.png,0.281589159421393
/content/CholecT50/CholecT50/videos/VID36/002232.png,0.18207668790130718
/content/CholecT50/CholecT50/videos/VID36/001981.png,0.2346945695789706
/content/CholecT50/CholecT50/videos/VID36/001748.png,0.7827472010282986
/content/CholecT50/CholecT50/videos/VID36/001899.png,0.28738941464108675
/content/CholecT50/CholecT50/videos/VID05/000983.png,0.1849717612127293
/content/CholecT50/CholecT50/videos/VID05/001837.png,0.7354701916702908
/content/CholecT50/CholecT50/videos/VID110/001345.png,0.12416370659884755
/content/CholecT50/CholecT50/videos/VID110/001005.png,0.413709195783737
/content/CholecT50/CholecT50/videos/VID110/001571.png,0.21045096050074136
/content/CholecT50/CholecT50/videos/VID36/001705.png,0.8291372269314933
/content/CholecT50/CholecT50/videos/VID05/001028.png,0.21685041065800564
/content/CholecT50/CholecT50/videos/VID110/000784.png,0.22075979736105722
/content/CholecT50/CholecT50/videos/VID110/000563.png,0.3161082352451325
/content/CholecT50/CholecT50/videos/VID110/000171.png,0.37076892970243674
/content/CholecT50/CholecT50/videos/VID05/000577.png,0.12894584882006407
/content/CholecT50/CholecT50/videos/VID05/001601.png,0.23783887333716303
/content/CholecT50/CholecT50/videos/VID36/000946.png,0.17478688832964667
/content/CholecT50/CholecT50/videos/VID36/000952.png,0.12768376137534737
/content/CholecT50/CholecT50/videos/VID36/000165.png,0.27417100563014973
/content/CholecT50/CholecT50/videos/VID36/000227.png,0.32040998099091117
/content/CholecT50/CholecT50/videos/VID05/000547.png,0.3304935210686986
/content/CholecT50/CholecT50/videos/VID36/001663.png,0.4737931875046931
/content/CholecT50/CholecT50/videos/VID05/000140.png,0.24420871675255942
/content/CholecT50/CholecT50/videos/VID36/000516.png,0.4761858991215825
/content/CholecT50/CholecT50/videos/VID05/001793.png,0.37585899689303226
/content/CholecT50/CholecT50/videos/VID36/001036.png,0.11212154552989319
/content/CholecT50/CholecT50/videos/VID36/000935.png,0.15298099951668934
/content/CholecT50/CholecT50/videos/VID05/000186.png,0.21655717212899256
/content/CholecT50/CholecT50/videos/VID05/000793.png,0.11442554972884947
/content/CholecT50/CholecT50/videos/VID05/001251.png,0.58088700068841
/content/CholecT50/CholecT50/videos/VID05/000487.png,0.2786533812660921
/content/CholecT50/CholecT50/videos/VID36/001047.png,0.0794297066650743
/content/CholecT50/CholecT50/videos/VID36/001202.png,0.6900379832881501
/content/CholecT50/CholecT50/videos/VID36/001236.png,0.3837244278335257
/content/CholecT50/CholecT50/videos/VID36/000635.png,0.48808674639027616
/content/CholecT50/CholecT50/videos/VID36/001407.png,0.3341480025958181
/content/CholecT50/CholecT50/videos/VID36/000679.png,0.11817650999548117
/content/CholecT50/CholecT50/videos/VID110/001275.png,0.4845494117048194
/content/CholecT50/CholecT50/videos/VID36/000842.png,0.8804935052562111
/content/CholecT50/CholecT50/videos/VID36/000836.png,0.8106839480698709
/content/CholecT50/CholecT50/videos/VID36/001803.png,0.6562105807741239
/content/CholecT50/CholecT50/videos/VID36/001693.png,0.6278974161317713
/content/CholecT50/CholecT50/videos/VID05/001449.png,0.26989150563386816
/content/CholecT50/CholecT50/videos/VID36/002317.png,0.25798281865414135
/content/CholecT50/CholecT50/videos/VID36/000597.png,0.3567285229157037
/content/CholecT50/CholecT50/videos/VID36/001070.png,0.22393940814072097
/content/CholecT50/CholecT50/videos/VID36/000464.png,0.4433497150687081
/content/CholecT50/CholecT50/videos/VID36/000646.png,0.5356718788017135
/content/CholecT50/CholecT50/videos/VID36/000366.png,0.5249718944632437
/content/CholecT50/CholecT50/videos/VID110/000254.png,0.2896422840852076
/content/CholecT50/CholecT50/videos/VID36/001382.png,0.23038335846437136
/content/CholecT50/CholecT50/videos/VID36/000750.png,0.4337362978007457
/content/CholecT50/CholecT50/videos/VID36/000436.png,0.1970571816142594
/content/CholecT50/CholecT50/videos/VID36/001066.png,0.3317289296667703
/content/CholecT50/CholecT50/videos/VID110/001161.png,0.4221064108121244
/content/CholecT50/CholecT50/videos/VID36/000671.png,0.42606906011087736
/content/CholecT50/CholecT50/videos/VID05/000719.png,0.11703138423753004
/content/CholecT50/CholecT50/videos/VID36/000957.png,0.2072240115306732
/content/CholecT50/CholecT50/videos/VID05/000616.png,0.3834160191524942
/content/CholecT50/CholecT50/videos/VID36/001108.png,0.32148223528956765
/content/CholecT50/CholecT50/videos/VID36/001016.png,0.11661967379369512
/content/CholecT50/CholecT50/videos/VID36/001010.png,0.18305454814306832
/content/CholecT50/CholecT50/videos/VID110/001693.png,0.6348351550137896
/content/CholecT50/CholecT50/videos/VID36/001517.png,0.48727937555515544
/content/CholecT50/CholecT50/videos/VID36/001749.png,0.6762340106825341
/content/CholecT50/CholecT50/videos/VID36/001752.png,0.6065180735770379
/content/CholecT50/CholecT50/videos/VID110/001035.png,0.4024433933428449
/content/CholecT50/CholecT50/videos/VID36/000330.png,0.20020789721444907
/content/CholecT50/CholecT50/videos/VID05/000580.png,0.3849377195858786
/content/CholecT50/CholecT50/videos/VID110/001155.png,0.279974134317677
/content/CholecT50/CholecT50/videos/VID36/000540.png,0.2964845729871575
/content/CholecT50/CholecT50/videos/VID110/001105.png,0.3698276991312324
/content/CholecT50/CholecT50/videos/VID36/002112.png,0.21104274385483504
/content/CholecT50/CholecT50/videos/VID05/000032.png,0.19995235219547333
/content/CholecT50/CholecT50/videos/VID05/001632.png,0.38406928497074605
/content/CholecT50/CholecT50/videos/VID36/001918.png,0.25320434607382697
/content/CholecT50/CholecT50/videos/VID36/001605.png,0.37745740741644807
/content/CholecT50/CholecT50/videos/VID36/002265.png,0.3093030779607427
/content/CholecT50/CholecT50/videos/VID05/000711.png,0.2604892610829926
/content/CholecT50/CholecT50/videos/VID36/001039.png,0.43521901652987127
/content/CholecT50/CholecT50/videos/VID05/001918.png,0.596751907596359
/content/CholecT50/CholecT50/videos/VID05/001527.png,0.3462014738304555
/content/CholecT50/CholecT50/videos/VID05/000329.png,0.21858540995408188
/content/CholecT50/CholecT50/videos/VID36/002350.png,0.20218172288675607
/content/CholecT50/CholecT50/videos/VID05/000293.png,0.2121697533422894
/content/CholecT50/CholecT50/videos/VID110/001414.png,0.32363610194881176
/content/CholecT50/CholecT50/videos/VID36/001274.png,0.364607460261362
/content/CholecT50/CholecT50/videos/VID110/000846.png,0.2377561786231926
/content/CholecT50/CholecT50/videos/VID36/001005.png,0.34756257889926867
/content/CholecT50/CholecT50/videos/VID110/000876.png,0.22493907240897712
/content/CholecT50/CholecT50/videos/VID36/000615.png,0.4272562655337851
/content/CholecT50/CholecT50/videos/VID36/001615.png,0.625247965599859
/content/CholecT50/CholecT50/videos/VID36/001827.png,0.471758691063144
/content/CholecT50/CholecT50/videos/VID36/000626.png,0.1771369547236399
/content/CholecT50/CholecT50/videos/VID36/000287.png,0.2988876538433454
/content/CholecT50/CholecT50/videos/VID36/001478.png,0.37280899196172473
/content/CholecT50/CholecT50/videos/VID05/000936.png,0.22459906917752548
/content/CholecT50/CholecT50/videos/VID36/000038.png,0.2968809683843489
/content/CholecT50/CholecT50/videos/VID110/000184.png,0.43216212486050837
/content/CholecT50/CholecT50/videos/VID36/002253.png,0.2867571527554822
/content/CholecT50/CholecT50/videos/VID36/000956.png,0.17818865616243873
/content/CholecT50/CholecT50/videos/VID110/001594.png,0.742119772270791
/content/CholecT50/CholecT50/videos/VID36/000075.png,0.4070922622951911
/content/CholecT50/CholecT50/videos/VID36/001936.png,0.23038335846437136
/content/CholecT50/CholecT50/videos/VID36/002314.png,0.22408894592104922
/content/CholecT50/CholecT50/videos/VID36/000381.png,0.4304852773092882
/content/CholecT50/CholecT50/videos/VID36/001093.png,0.24686609114488103
/content/CholecT50/CholecT50/videos/VID05/001292.png,0.3748381250585835
/content/CholecT50/CholecT50/videos/VID36/001334.png,0.6499545280280643
/content/CholecT50/CholecT50/videos/VID110/001041.png,0.39753667151634725
/content/CholecT50/CholecT50/videos/VID36/001029.png,0.23668287801386903
/content/CholecT50/CholecT50/videos/VID110/001586.png,0.6247415319858978
/content/CholecT50/CholecT50/videos/VID36/002035.png,0.2537835616399011
/content/CholecT50/CholecT50/videos/VID36/002070.png,0.4715837488991629
/content/CholecT50/CholecT50/videos/VID05/000468.png,0.31618376932310993
/content/CholecT50/CholecT50/videos/VID110/001511.png,0.22080976758457946
/content/CholecT50/CholecT50/videos/VID36/001007.png,0.2603102424790344
/content/CholecT50/CholecT50/videos/VID36/000383.png,0.38668207172634417
/content/CholecT50/CholecT50/videos/VID05/000067.png,0.2187644541635606
/content/CholecT50/CholecT50/videos/VID36/000322.png,0.17490870947183595
/content/CholecT50/CholecT50/videos/VID36/001636.png,0.29865817141447354
/content/CholecT50/CholecT50/videos/VID110/000334.png,0.2249254339756396
/content/CholecT50/CholecT50/videos/VID36/002045.png,0.17757030173200977
/content/CholecT50/CholecT50/videos/VID36/000986.png,0.17125450341575854
/content/CholecT50/CholecT50/videos/VID110/000314.png,0.22737506949981862
/content/CholecT50/CholecT50/videos/VID36/001057.png,0.19417690354769981
/content/CholecT50/CholecT50/videos/VID110/000914.png,0.30168341851276653
/content/CholecT50/CholecT50/videos/VID36/000979.png,0.09925426887248391
/content/CholecT50/CholecT50/videos/VID05/000910.png,0.4992965841695801
/content/CholecT50/CholecT50/videos/VID110/001081.png,0.2630730467536835
/content/CholecT50/CholecT50/videos/VID05/001708.png,0.3134735987776319
/content/CholecT50/CholecT50/videos/VID36/001803.png,0.2661114123714445
/content/CholecT50/CholecT50/videos/VID110/000801.png,0.4570520277782194
/content/CholecT50/CholecT50/videos/VID36/002255.png,0.22779793952348235
/content/CholecT50/CholecT50/videos/VID05/001467.png,0.47277905898483574
/content/CholecT50/CholecT50/videos/VID36/001065.png,0.1279439452783236
/content/CholecT50/CholecT50/videos/VID36/001021.png,0.5035393395884342
/content/CholecT50/CholecT50/videos/VID110/000803.png,0.5289862799114242
/content/CholecT50/CholecT50/videos/VID05/000742.png,0.45669585251086514
/content/CholecT50/CholecT50/videos/VID36/001978.png,0.25531838459937994
/content/CholecT50/CholecT50/videos/VID36/002258.png,0.2566611325169128
/content/CholecT50/CholecT50/videos/VID05/001161.png,0.3390066651082994
/content/CholecT50/CholecT50/videos/VID05/000764.png,0.3302015002594248
/content/CholecT50/CholecT50/videos/VID36/001063.png,0.10463863776298563
/content/CholecT50/CholecT50/videos/VID36/002002.png,0.26821644844463344
/content/CholecT50/CholecT50/videos/VID36/001379.png,0.24907769013227868
/content/CholecT50/CholecT50/videos/VID36/000980.png,0.145838162224525
/content/CholecT50/CholecT50/videos/VID36/001648.png,0.2622671621510211
/content/CholecT50/CholecT50/videos/VID36/001048.png,0.14754540433493774
/content/CholecT50/CholecT50/videos/VID05/000698.png,0.4056156182855594
/content/CholecT50/CholecT50/videos/VID110/000826.png,0.39851865231257194
/content/CholecT50/CholecT50/videos/VID36/001961.png,0.3161399859206605
/content/CholecT50/CholecT50/videos/VID110/001965.png,0.2699723852221991
/content/CholecT50/CholecT50/videos/VID36/000591.png,0.29176426899557495
/content/CholecT50/CholecT50/videos/VID110/001171.png,0.31511097102574215
/content/CholecT50/CholecT50/videos/VID36/000899.png,0.4612607954634756
/content/CholecT50/CholecT50/videos/VID36/000954.png,0.19621611919823584
/content/CholecT50/CholecT50/videos/VID36/001381.png,0.23704942771719376
/content/CholecT50/CholecT50/videos/VID05/000625.png,0.6565541849635103
/content/CholecT50/CholecT50/videos/VID05/001106.png,0.36921007937269085
/content/CholecT50/CholecT50/videos/VID36/000925.png,0.1500763461901866
/content/CholecT50/CholecT50/videos/VID36/000315.png,0.36998508317138107
/content/CholecT50/CholecT50/videos/VID110/001168.png,0.5088067104787136
/content/CholecT50/CholecT50/videos/VID36/000929.png,0.13947392808385237
/content/CholecT50/CholecT50/videos/VID05/001237.png,0.41918803031213503
/content/CholecT50/CholecT50/videos/VID36/000982.png,0.16537747885729995
/content/CholecT50/CholecT50/videos/VID110/000775.png,0.24641419057438782
/content/CholecT50/CholecT50/videos/VID36/001624.png,0.5137787813859288
/content/CholecT50/CholecT50/videos/VID05/000124.png,0.21065875794288824
/content/CholecT50/CholecT50/videos/VID110/001291.png,0.4326256241489631
/content/CholecT50/CholecT50/videos/VID36/000933.png,0.2283311809079483
/content/CholecT50/CholecT50/videos/VID36/001053.png,0.14281425205639625
/content/CholecT50/CholecT50/videos/VID36/001261.png,0.47643013363852943
/content/CholecT50/CholecT50/videos/VID36/000408.png,0.23056334729719358
/content/CholecT50/CholecT50/videos/VID05/000143.png,0.21451799476921768
/content/CholecT50/CholecT50/videos/VID36/000746.png,0.2634123337761562
/content/CholecT50/CholecT50/videos/VID36/000969.png,0.25204949532031967
/content/CholecT50/CholecT50/videos/VID36/001064.png,0.10368811321978356
/content/CholecT50/CholecT50/videos/VID110/001258.png,0.191995764138979
/content/CholecT50/CholecT50/videos/VID110/001366.png,0.3236285724341175
/content/CholecT50/CholecT50/videos/VID05/000203.png,0.39081150486901384
/content/CholecT50/CholecT50/videos/VID36/001105.png,0.30825298663687445
/content/CholecT50/CholecT50/videos/VID36/000390.png,0.6206473208485129
/content/CholecT50/CholecT50/videos/VID110/001457.png,0.31543869744854114
/content/CholecT50/CholecT50/videos/VID36/000645.png,0.1033383897531012
/content/CholecT50/CholecT50/videos/VID36/001440.png,0.4136768910705939
/content/CholecT50/CholecT50/videos/VID36/001026.png,0.13503559703810608
/content/CholecT50/CholecT50/videos/VID36/000958.png,0.5210327460359641
/content/CholecT50/CholecT50/videos/VID110/001156.png,0.24127521793459422
/content/CholecT50/CholecT50/videos/VID05/000551.png,0.28969024728369624
/content/CholecT50/CholecT50/videos/VID05/000311.png,0.2091197145447376
/content/CholecT50/CholecT50/videos/VID05/000191.png,0.3822010352190572
/content/CholecT50/CholecT50/videos/VID05/001373.png,0.4383393094726035
/content/CholecT50/CholecT50/videos/VID110/001295.png,0.4221064108121244
/content/CholecT50/CholecT50/videos/VID36/000555.png,0.20818889366736018
/content/CholecT50/CholecT50/videos/VID36/000578.png,0.45118999489502043
/content/CholecT50/CholecT50/videos/VID36/001795.png,0.2661114123714445
/content/CholecT50/CholecT50/videos/VID36/001909.png,0.27654584254828757
/content/CholecT50/CholecT50/videos/VID110/000162.png,0.35038136593876507
/content/CholecT50/CholecT50/videos/VID36/001444.png,0.39884150632988136
/content/CholecT50/CholecT50/videos/VID36/000255.png,0.4612607954634756
/content/CholecT50/CholecT50/videos/VID05/000284.png,0.37898720297438193
/content/CholecT50/CholecT50/videos/VID36/000983.png,0.5928818063423854
/content/CholecT50/CholecT50/videos/VID05/002277.png,0.4452939434828505
/content/CholecT50/CholecT50/videos/VID110/001910.png,0.28181208017826664
/content/CholecT50/CholecT50/videos/VID110/000684.png,0.23976287808776892
/content/CholecT50/CholecT50/videos/VID36/001878.png,0.5576316466049371
/content/CholecT50/CholecT50/videos/VID05/000794.png,0.3130226544845067
/content/CholecT50/CholecT50/videos/VID05/001665.png,0.4170001952352491
/content/CholecT50/CholecT50/videos/VID36/002334.png,0.2002089823885266
/content/CholecT50/CholecT50/videos/VID36/000654.png,0.2331710479420893
/content/CholecT50/CholecT50/videos/VID36/000278.png,0.277013249138076
/content/CholecT50/CholecT50/videos/VID36/001656.png,0.30142497138963176
/content/CholecT50/CholecT50/videos/VID36/001070.png,0.23905275616547372
/content/CholecT50/CholecT50/videos/VID05/000879.png,0.49109583018197667
/content/CholecT50/CholecT50/videos/VID36/001322.png,0.2799370210486309
/content/CholecT50/CholecT50/videos/VID110/001093.png,0.44853964103669364
/content/CholecT50/CholecT50/videos/VID05/001261.png,0.12992851585258416
/content/CholecT50/CholecT50/videos/VID05/001342.png,0.1734340829045967
/content/CholecT50/CholecT50/videos/VID36/000971.png,0.189470085455441
/content/CholecT50/CholecT50/videos/VID36/002330.png,0.30267014087165495
/content/CholecT50/CholecT50/videos/VID36/000992.png,0.21744970316454332
/content/CholecT50/CholecT50/videos/VID05/000437.png,0.2872301983840406
/content/CholecT50/CholecT50/videos/VID05/000770.png,0.38996012981991257
/content/CholecT50/CholecT50/videos/VID36/001222.png,0.16240436335264977
/content/CholecT50/CholecT50/videos/VID05/001463.png,0.2791815834582096
/content/CholecT50/CholecT50/videos/VID110/000835.png,0.23207462315232147
/content/CholecT50/CholecT50/videos/VID110/001304.png,0.4159334890102619
/content/CholecT50/CholecT50/videos/VID36/000429.png,0.4504135646831086
/content/CholecT50/CholecT50/videos/VID05/001508.png,0.6175627832802726
/content/CholecT50/CholecT50/videos/VID36/002215.png,0.26779986773810016
/content/CholecT50/CholecT50/videos/VID110/001773.png,0.44615610075271306
/content/CholecT50/CholecT50/videos/VID36/000857.png,0.30748411593820246
/content/CholecT50/CholecT50/videos/VID36/001579.png,0.4023407749847058
/content/CholecT50/CholecT50/videos/VID36/000698.png,0.3233711284819311
/content/CholecT50/CholecT50/videos/VID36/000414.png,0.46742029720566597
/content/CholecT50/CholecT50/videos/VID05/000318.png,0.19935691720735546
/content/CholecT50/CholecT50/videos/VID05/001045.png,0.2632045687486185
/content/CholecT50/CholecT50/videos/VID05/000070.png,0.14719520450348153
/content/CholecT50/CholecT50/videos/VID36/000937.png,0.10929270893101796
/content/CholecT50/CholecT50/videos/VID36/001033.png,0.23217985807848926
/content/CholecT50/CholecT50/videos/VID110/001957.png,0.222803815860706
/content/CholecT50/CholecT50/videos/VID36/000539.png,0.3470532198603788
/content/CholecT50/CholecT50/videos/VID36/001935.png,0.30255452824486095
/content/CholecT50/CholecT50/videos/VID36/001433.png,0.2851849285602084
/content/CholecT50/CholecT50/videos/VID110/001545.png,0.3728808038640346
/content/CholecT50/CholecT50/videos/VID05/001168.png,0.3282480507227478
/content/CholecT50/CholecT50/videos/VID05/001672.png,0.28210275831623866
/content/CholecT50/CholecT50/videos/VID05/000335.png,0.18989227004352416
/content/CholecT50/CholecT50/videos/VID110/001279.png,0.4304852773092882
/content/CholecT50/CholecT50/videos/VID36/000994.png,0.11589493276426484
/content/CholecT50/CholecT50/videos/VID36/001060.png,0.1041387273995209
/content/CholecT50/CholecT50/videos/VID36/002380.png,0.463279809583415
/content/CholecT50/CholecT50/videos/VID05/000230.png,0.32001544827877454
/content/CholecT50/CholecT50/videos/VID36/000206.png,0.24298903297788702
/content/CholecT50/CholecT50/videos/VID36/001775.png,0.4105118601022184
/content/CholecT50/CholecT50/videos/VID110/001280.png,0.37267752313475194
/content/CholecT50/CholecT50/videos/VID36/001118.png,0.3193627635735849
/content/CholecT50/CholecT50/videos/VID110/000585.png,0.21418177101334593
/content/CholecT50/CholecT50/videos/VID36/000928.png,0.2182700006541795
/content/CholecT50/CholecT50/videos/VID36/000926.png,0.1646010052734508
/content/CholecT50/CholecT50/videos/VID36/000484.png,0.27052156648503706
/content/CholecT50/CholecT50/videos/VID05/001443.png,0.28738941464108675
/content/CholecT50/CholecT50/videos/VID36/000637.png,0.18547717987699
/content/CholecT50/CholecT50/videos/VID36/001821.png,0.30224137584926253
/content/CholecT50/CholecT50/videos/VID36/001010.png,0.21802027426297665
/content/CholecT50/CholecT50/videos/VID36/000470.png,0.3981810860498029
/content/CholecT50/CholecT50/videos/VID36/000021.png,0.27608553292266036
/content/CholecT50/CholecT50/videos/VID05/000954.png,0.320559777627475
/content/CholecT50/CholecT50/videos/VID36/001429.png,0.28828118247205653
/content/CholecT50/CholecT50/videos/VID36/002126.png,0.3461032901201565
/content/CholecT50/CholecT50/videos/VID36/001941.png,0.29218965794990664
/content/CholecT50/CholecT50/videos/VID110/000637.png,0.12010744294916746
/content/CholecT50/CholecT50/videos/VID36/001219.png,0.4953932363713926
/content/CholecT50/CholecT50/videos/VID110/000724.png,0.2821903391610304
/content/CholecT50/CholecT50/videos/VID05/000807.png,0.3016412898438181
/content/CholecT50/CholecT50/videos/VID36/000847.png,0.2768324350934158
/content/CholecT50/CholecT50/videos/VID36/002250.png,0.17235184682928195
/content/CholecT50/CholecT50/videos/VID36/001307.png,0.21949854378055644
/content/CholecT50/CholecT50/videos/VID110/000487.png,0.22850252558269601
/content/CholecT50/CholecT50/videos/VID36/000513.png,0.4401559689013576
/content/CholecT50/CholecT50/videos/VID36/000531.png,0.3933247695199682
/content/CholecT50/CholecT50/videos/VID36/001418.png,0.5331567658231969
/content/CholecT50/CholecT50/videos/VID36/001755.png,0.7529030706225059
/content/CholecT50/CholecT50/videos/VID05/000439.png,0.34387432789187256
/content/CholecT50/CholecT50/videos/VID110/000037.png,0.31621607719180067
/content/CholecT50/CholecT50/videos/VID36/001327.png,0.3837244278335257
/content/CholecT50/CholecT50/videos/VID05/000153.png,0.40012711228127784
/content/CholecT50/CholecT50/videos/VID36/000760.png,0.22640465537491378
/content/CholecT50/CholecT50/videos/VID36/001402.png,0.2707952522092914
/content/CholecT50/CholecT50/videos/VID36/000437.png,0.5669003091456567
/content/CholecT50/CholecT50/videos/VID36/002113.png,0.7583362245756412
/content/CholecT50/CholecT50/videos/VID110/000298.png,0.3263439420389571
/content/CholecT50/CholecT50/videos/VID36/000254.png,0.2464240382030966
/content/CholecT50/CholecT50/videos/VID05/002047.png,0.4060805266255414
/content/CholecT50/CholecT50/videos/VID05/000209.png,0.3257518423354969
/content/CholecT50/CholecT50/videos/VID05/000588.png,0.30592915855795777
/content/CholecT50/CholecT50/videos/VID36/000632.png,0.2180987263281169
/content/CholecT50/CholecT50/videos/VID05/001076.png,0.3322974894994923
/content/CholecT50/CholecT50/videos/VID36/001549.png,0.2541841846502177
/content/CholecT50/CholecT50/videos/VID36/000631.png,0.19759037279698308
/content/CholecT50/CholecT50/videos/VID110/001362.png,0.2693772803580843
/content/CholecT50/CholecT50/videos/VID110/001540.png,0.3924315219754746
/content/CholecT50/CholecT50/videos/VID05/002181.png,0.577738480202162
/content/CholecT50/CholecT50/videos/VID05/001834.png,0.7046441969579879
/content/CholecT50/CholecT50/videos/VID36/001561.png,0.7221612531250722
/content/CholecT50/CholecT50/videos/VID36/000598.png,0.36087371436830146
/content/CholecT50/CholecT50/videos/VID05/001297.png,0.4475609757242257
/content/CholecT50/CholecT50/videos/VID05/001515.png,0.4830003751756507
/content/CholecT50/CholecT50/videos/VID110/000285.png,0.2827772737609672
/content/CholecT50/CholecT50/videos/VID36/001047.png,0.19673383014917561
/content/CholecT50/CholecT50/videos/VID36/002019.png,0.14870036484737115
/content/CholecT50/CholecT50/videos/VID05/001221.png,0.37972842129095646
/content/CholecT50/CholecT50/videos/VID05/002186.png,0.45317504828743294
/content/CholecT50/CholecT50/videos/VID05/000626.png,0.5681386537965762
/content/CholecT50/CholecT50/videos/VID36/002333.png,0.15088301262421056
/content/CholecT50/CholecT50/videos/VID05/000455.png,0.45735165879119316
/content/CholecT50/CholecT50/videos/VID05/001406.png,0.4475669825218133
/content/CholecT50/CholecT50/videos/VID36/000449.png,0.47025841437778176
/content/CholecT50/CholecT50/videos/VID05/000958.png,0.34896148818847483
/content/CholecT50/CholecT50/videos/VID110/000981.png,0.338305120503795
/content/CholecT50/CholecT50/videos/VID36/001003.png,0.10263587754383921
/content/CholecT50/CholecT50/videos/VID36/000499.png,0.3558407500462306
/content/CholecT50/CholecT50/videos/VID05/000620.png,0.5199916561974327
/content/CholecT50/CholecT50/videos/VID36/000674.png,0.3211611806975235
/content/CholecT50/CholecT50/videos/VID36/000588.png,0.3223042476957285
/content/CholecT50/CholecT50/videos/VID36/000854.png,0.2938726368626313
/content/CholecT50/CholecT50/videos/VID05/000319.png,0.18989227004352416
/content/CholecT50/CholecT50/videos/VID05/001469.png,0.4882400676434708
/content/CholecT50/CholecT50/videos/VID05/000645.png,0.4302507434874444
/content/CholecT50/CholecT50/videos/VID36/001075.png,0.17280562069010116
/content/CholecT50/CholecT50/videos/VID110/001261.png,0.2765649321035446
/content/CholecT50/CholecT50/videos/VID05/001424.png,0.42628866527305925
/content/CholecT50/CholecT50/videos/VID36/001373.png,0.5642142609033964
/content/CholecT50/CholecT50/videos/VID05/000869.png,0.32375649148407254
/content/CholecT50/CholecT50/videos/VID110/001221.png,0.5137787813859288
/content/CholecT50/CholecT50/videos/VID05/001349.png,0.41527111419458673
/content/CholecT50/CholecT50/videos/VID36/000925.png,0.309180624121722
/content/CholecT50/CholecT50/videos/VID36/000245.png,0.34682794365852326
/content/CholecT50/CholecT50/videos/VID36/001166.png,0.2278123420959964
/content/CholecT50/CholecT50/videos/VID36/000934.png,0.15751988032457687
/content/CholecT50/CholecT50/videos/VID36/001471.png,0.5147952606273895
/content/CholecT50/CholecT50/videos/VID05/000978.png,0.6127514327377496
/content/CholecT50/CholecT50/videos/VID05/001496.png,0.22075630373764196
/content/CholecT50/CholecT50/videos/VID36/000231.png,0.265941392976599
/content/CholecT50/CholecT50/videos/VID36/000468.png,0.4644788432894793
/content/CholecT50/CholecT50/videos/VID05/000344.png,0.2543090275383508
/content/CholecT50/CholecT50/videos/VID36/001875.png,0.5885848157498949
/content/CholecT50/CholecT50/videos/VID36/000118.png,0.3971012662691245
/content/CholecT50/CholecT50/videos/VID36/000954.png,0.1794564652768843
/content/CholecT50/CholecT50/videos/VID36/000710.png,0.6936557584502938
/content/CholecT50/CholecT50/videos/VID05/000592.png,0.21378229046050157
/content/CholecT50/CholecT50/videos/VID36/001861.png,0.4873990676337862
/content/CholecT50/CholecT50/videos/VID05/001919.png,0.6918486797137006
/content/CholecT50/CholecT50/videos/VID36/001501.png,0.3725685850787146
/content/CholecT50/CholecT50/videos/VID05/001050.png,0.3134172082878103
/content/CholecT50/CholecT50/videos/VID36/001043.png,0.13588861331296165
/content/CholecT50/CholecT50/videos/VID36/000918.png,0.12975927332972645
/content/CholecT50/CholecT50/videos/VID36/001942.png,0.6131474537222265
/content/CholecT50/CholecT50/videos/VID110/000362.png,0.3498420138571917
/content/CholecT50/CholecT50/videos/VID110/001363.png,0.25815290304013866
/content/CholecT50/CholecT50/videos/VID05/001497.png,0.23544975628198653
/content/CholecT50/CholecT50/videos/VID110/002050.png,0.34203935415817277
/content/CholecT50/CholecT50/videos/VID36/001046.png,0.07567815340884833
/content/CholecT50/CholecT50/videos/VID36/000373.png,0.2348633312975439
/content/CholecT50/CholecT50/videos/VID05/000538.png,0.2590289061090586
/content/CholecT50/CholecT50/videos/VID110/000396.png,0.144846167621454
/content/CholecT50/CholecT50/videos/VID05/001418.png,0.3665728497824871
/content/CholecT50/CholecT50/videos/VID36/002202.png,0.16774647377496232
/content/CholecT50/CholecT50/videos/VID36/000821.png,0.32292707228384887
/content/CholecT50/CholecT50/videos/VID36/001801.png,0.5452314464704526
/content/CholecT50/CholecT50/videos/VID36/000945.png,0.29978686032853485
/content/CholecT50/CholecT50/videos/VID05/000643.png,0.1479029503687088
/content/CholecT50/CholecT50/videos/VID36/001230.png,0.3846468570034481
/content/CholecT50/CholecT50/videos/VID05/000026.png,0.3680349719959821
/content/CholecT50/CholecT50/videos/VID36/001896.png,0.496560609507662
/content/CholecT50/CholecT50/videos/VID36/001173.png,0.33770653599212447
/content/CholecT50/CholecT50/videos/VID36/001075.png,0.23208233826952263
/content/CholecT50/CholecT50/videos/VID110/000611.png,0.4182515005504241
/content/CholecT50/CholecT50/videos/VID05/000277.png,0.25525700163221005
/content/CholecT50/CholecT50/videos/VID36/001046.png,0.17210813897994592
/content/CholecT50/CholecT50/videos/VID05/000386.png,0.32016382271227656
